Workbook

Sheet Player
A1: PLAYER — Curve Lv 1→20 (ô xanh = sửa được)
A2: Chỉ perLevel cho stat phẳng (HP/Dmg/Def). Stat % không dùng perLevel.
A4: COEFFICIENTS
A5: MaxHP | B5: base | C5: 60 | D5: perLevel | E5: 8 | F5: VIT coeff | G5: 6
A6: AtkDmg | B6: base | C6: 6 | D6: perLevel | E6: 1.2 | F6: STR coeff | G6: 1.4 | H6: DEX coeff | I6: 0.4
A7: Defense | B7: base | C7: 2 | D7: perLevel | E7: 0.6 | F7: VIT coeff | G7: 0.8
A8: AtkSpeed | B8: base | C8: 0.9 | D8: DEX coeff | E8: 0.01 | F8: min | G8: 0.3 | H8: max | I8: 2
A10: Primary @Lv1 | B10: STR | C10: 10 | D10: DEX | E10: 10 | F10: VIT | G10: 10
A11: Primary +/level | C11: 1 | E11: 1 | G11: 1
A13: Lv | B13: STR | C13: DEX | D13: VIT | E13: MaxHP | F13: AtkDmg | G13: AtkSpeed | H13: DPS | I13: Defense
A14: 1 | B14: =$C$10+$C$11*(1-1) | C14: =$E$10+$E$11*(1-1) | D14: =$G$10+$G$11*(1-1) | E14: =$C$5+$E$5*(1-1)+$G$5*D14 | F14: =$C$6+$E$6*(1-1)+$G$6*B14+$I$6*C14 | G14: =MIN(MAX($C$8+$E$8*C14,$G$8),$I$8) | H14: =F14*G14 | I14: =$C$7+$E$7*(1-1)+$G$7*D14
A15: 2 | B15: =$C$10+$C$11*(2-1) | C15: =$E$10+$E$11*(2-1) | D15: =$G$10+$G$11*(2-1) | E15: =$C$5+$E$5*(2-1)+$G$5*D15 | F15: =$C$6+$E$6*(2-1)+$G$6*B15+$I$6*C15 | G15: =MIN(MAX($C$8+$E$8*C15,$G$8),$I$8) | H15: =F15*G15 | I15: =$C$7+$E$7*(2-1)+$G$7*D15
A16: 3 | B16: =$C$10+$C$11*(3-1) | C16: =$E$10+$E$11*(3-1) | D16: =$G$10+$G$11*(3-1) | E16: =$C$5+$E$5*(3-1)+$G$5*D16 | F16: =$C$6+$E$6*(3-1)+$G$6*B16+$I$6*C16 | G16: =MIN(MAX($C$8+$E$8*C16,$G$8),$I$8) | H16: =F16*G16 | I16: =$C$7+$E$7*(3-1)+$G$7*D16
A17: 4 | B17: =$C$10+$C$11*(4-1) | C17: =$E$10+$E$11*(4-1) | D17: =$G$10+$G$11*(4-1) | E17: =$C$5+$E$5*(4-1)+$G$5*D17 | F17: =$C$6+$E$6*(4-1)+$G$6*B17+$I$6*C17 | G17: =MIN(MAX($C$8+$E$8*C17,$G$8),$I$8) | H17: =F17*G17 | I17: =$C$7+$E$7*(4-1)+$G$7*D17
A18: 5 | B18: =$C$10+$C$11*(5-1) | C18: =$E$10+$E$11*(5-1) | D18: =$G$10+$G$11*(5-1) | E18: =$C$5+$E$5*(5-1)+$G$5*D18 | F18: =$C$6+$E$6*(5-1)+$G$6*B18+$I$6*C18 | G18: =MIN(MAX($C$8+$E$8*C18,$G$8),$I$8) | H18: =F18*G18 | I18: =$C$7+$E$7*(5-1)+$G$7*D18
A19: 6 | B19: =$C$10+$C$11*(6-1) | C19: =$E$10+$E$11*(6-1) | D19: =$G$10+$G$11*(6-1) | E19: =$C$5+$E$5*(6-1)+$G$5*D19 | F19: =$C$6+$E$6*(6-1)+$G$6*B19+$I$6*C19 | G19: =MIN(MAX($C$8+$E$8*C19,$G$8),$I$8) | H19: =F19*G19 | I19: =$C$7+$E$7*(6-1)+$G$7*D19
A20: 7 | B20: =$C$10+$C$11*(7-1) | C20: =$E$10+$E$11*(7-1) | D20: =$G$10+$G$11*(7-1) | E20: =$C$5+$E$5*(7-1)+$G$5*D20 | F20: =$C$6+$E$6*(7-1)+$G$6*B20+$I$6*C20 | G20: =MIN(MAX($C$8+$E$8*C20,$G$8),$I$8) | H20: =F20*G20 | I20: =$C$7+$E$7*(7-1)+$G$7*D20
A21: 8 | B21: =$C$10+$C$11*(8-1) | C21: =$E$10+$E$11*(8-1) | D21: =$G$10+$G$11*(8-1) | E21: =$C$5+$E$5*(8-1)+$G$5*D21 | F21: =$C$6+$E$6*(8-1)+$G$6*B21+$I$6*C21 | G21: =MIN(MAX($C$8+$E$8*C21,$G$8),$I$8) | H21: =F21*G21 | I21: =$C$7+$E$7*(8-1)+$G$7*D21
A22: 9 | B22: =$C$10+$C$11*(9-1) | C22: =$E$10+$E$11*(9-1) | D22: =$G$10+$G$11*(9-1) | E22: =$C$5+$E$5*(9-1)+$G$5*D22 | F22: =$C$6+$E$6*(9-1)+$G$6*B22+$I$6*C22 | G22: =MIN(MAX($C$8+$E$8*C22,$G$8),$I$8) | H22: =F22*G22 | I22: =$C$7+$E$7*(9-1)+$G$7*D22
A23: 10 | B23: =$C$10+$C$11*(10-1) | C23: =$E$10+$E$11*(10-1) | D23: =$G$10+$G$11*(10-1) | E23: =$C$5+$E$5*(10-1)+$G$5*D23 | F23: =$C$6+$E$6*(10-1)+$G$6*B23+$I$6*C23 | G23: =MIN(MAX($C$8+$E$8*C23,$G$8),$I$8) | H23: =F23*G23 | I23: =$C$7+$E$7*(10-1)+$G$7*D23
A24: 11 | B24: =$C$10+$C$11*(11-1) | C24: =$E$10+$E$11*(11-1) | D24: =$G$10+$G$11*(11-1) | E24: =$C$5+$E$5*(11-1)+$G$5*D24 | F24: =$C$6+$E$6*(11-1)+$G$6*B24+$I$6*C24 | G24: =MIN(MAX($C$8+$E$8*C24,$G$8),$I$8) | H24: =F24*G24 | I24: =$C$7+$E$7*(11-1)+$G$7*D24
A25: 12 | B25: =$C$10+$C$11*(12-1) | C25: =$E$10+$E$11*(12-1) | D25: =$G$10+$G$11*(12-1) | E25: =$C$5+$E$5*(12-1)+$G$5*D25 | F25: =$C$6+$E$6*(12-1)+$G$6*B25+$I$6*C25 | G25: =MIN(MAX($C$8+$E$8*C25,$G$8),$I$8) | H25: =F25*G25 | I25: =$C$7+$E$7*(12-1)+$G$7*D25
A26: 13 | B26: =$C$10+$C$11*(13-1) | C26: =$E$10+$E$11*(13-1) | D26: =$G$10+$G$11*(13-1) | E26: =$C$5+$E$5*(13-1)+$G$5*D26 | F26: =$C$6+$E$6*(13-1)+$G$6*B26+$I$6*C26 | G26: =MIN(MAX($C$8+$E$8*C26,$G$8),$I$8) | H26: =F26*G26 | I26: =$C$7+$E$7*(13-1)+$G$7*D26
A27: 14 | B27: =$C$10+$C$11*(14-1) | C27: =$E$10+$E$11*(14-1) | D27: =$G$10+$G$11*(14-1) | E27: =$C$5+$E$5*(14-1)+$G$5*D27 | F27: =$C$6+$E$6*(14-1)+$G$6*B27+$I$6*C27 | G27: =MIN(MAX($C$8+$E$8*C27,$G$8),$I$8) | H27: =F27*G27 | I27: =$C$7+$E$7*(14-1)+$G$7*D27
A28: 15 | B28: =$C$10+$C$11*(15-1) | C28: =$E$10+$E$11*(15-1) | D28: =$G$10+$G$11*(15-1) | E28: =$C$5+$E$5*(15-1)+$G$5*D28 | F28: =$C$6+$E$6*(15-1)+$G$6*B28+$I$6*C28 | G28: =MIN(MAX($C$8+$E$8*C28,$G$8),$I$8) | H28: =F28*G28 | I28: =$C$7+$E$7*(15-1)+$G$7*D28
A29: 16 | B29: =$C$10+$C$11*(16-1) | C29: =$E$10+$E$11*(16-1) | D29: =$G$10+$G$11*(16-1) | E29: =$C$5+$E$5*(16-1)+$G$5*D29 | F29: =$C$6+$E$6*(16-1)+$G$6*B29+$I$6*C29 | G29: =MIN(MAX($C$8+$E$8*C29,$G$8),$I$8) | H29: =F29*G29 | I29: =$C$7+$E$7*(16-1)+$G$7*D29
A30: 17 | B30: =$C$10+$C$11*(17-1) | C30: =$E$10+$E$11*(17-1) | D30: =$G$10+$G$11*(17-1) | E30: =$C$5+$E$5*(17-1)+$G$5*D30 | F30: =$C$6+$E$6*(17-1)+$G$6*B30+$I$6*C30 | G30: =MIN(MAX($C$8+$E$8*C30,$G$8),$I$8) | H30: =F30*G30 | I30: =$C$7+$E$7*(17-1)+$G$7*D30
A31: 18 | B31: =$C$10+$C$11*(18-1) | C31: =$E$10+$E$11*(18-1) | D31: =$G$10+$G$11*(18-1) | E31: =$C$5+$E$5*(18-1)+$G$5*D31 | F31: =$C$6+$E$6*(18-1)+$G$6*B31+$I$6*C31 | G31: =MIN(MAX($C$8+$E$8*C31,$G$8),$I$8) | H31: =F31*G31 | I31: =$C$7+$E$7*(18-1)+$G$7*D31
A32: 19 | B32: =$C$10+$C$11*(19-1) | C32: =$E$10+$E$11*(19-1) | D32: =$G$10+$G$11*(19-1) | E32: =$C$5+$E$5*(19-1)+$G$5*D32 | F32: =$C$6+$E$6*(19-1)+$G$6*B32+$I$6*C32 | G32: =MIN(MAX($C$8+$E$8*C32,$G$8),$I$8) | H32: =F32*G32 | I32: =$C$7+$E$7*(19-1)+$G$7*D32
A33: 20 | B33: =$C$10+$C$11*(20-1) | C33: =$E$10+$E$11*(20-1) | D33: =$G$10+$G$11*(20-1) | E33: =$C$5+$E$5*(20-1)+$G$5*D33 | F33: =$C$6+$E$6*(20-1)+$G$6*B33+$I$6*C33 | G33: =MIN(MAX($C$8+$E$8*C33,$G$8),$I$8) | H33: =F33*G33 | I33: =$C$7+$E$7*(20-1)+$G$7*D33

Sheet Enemies
A1: ENEMIES — 5 archetype × 3 hạng (creep/tinh anh/chiến tướng)
J2: Player @Lv (auto)
A3: Floor Level | B3: 10 | C3: ← đổi để xem chỉ số & TTK ở cấp đó (so với người chơi cùng cấp) | J3: AtkDmg | K3: =INDEX(Player!$F$14:$F$33,$B$3)
J4: AtkSpeed | K4: =INDEX(Player!$G$14:$G$33,$B$3)
A5: RANK MULTIPLIERS | J5: MaxHP | K5: =INDEX(Player!$E$14:$E$33,$B$3)
A6: Rank | B6: HP× | C6: DMG× | D6: DEF× | E6: XP× | J6: Defense | K6: =INDEX(Player!$I$14:$I$33,$B$3)
A7: creep (thường) | B7: 1 | C7: 1 | D7: 1 | E7: 1 | J7: DPS | K7: =INDEX(Player!$H$14:$H$33,$B$3)
A8: elite (tinh anh) | B8: 2.4 | C8: 1.5 | D8: 1 | E8: 3.5
A9: champion (chiến tướng) | B9: 5.5 | C9: 2.1 | D9: 1.5 | E9: 9
A11: ARCHETYPE BASE (creep, tại floor L)
A12: Archetype | B12: hp0 | C12: hp/lvl | D12: dmg0 | E12: dmg/lvl | F12: AtkSpeed | G12: defBonus
A13: Trash Melee | B13: 22 | C13: 6 | D13: 10 | E13: 1.6 | F13: 0.9 | G13: 0
A14: Ranged Caster | B14: 14 | C14: 3.5 | D14: 11 | E14: 1.7 | F14: 0.7 | G14: 0
A15: Tank | B15: 45 | C15: 12 | D15: 8 | E15: 1.2 | F15: 0.6 | G15: 0.5
A16: Fast Swarm | B16: 10 | C16: 2.5 | D16: 7 | E16: 1.1 | F16: 1.4 | G16: 0
A17: Assassin | B17: 14 | C17: 3.5 | D17: 14 | E17: 2 | F17: 1.3 | G17: 0
A19: RESULT — chỉ số cuối & TTK (auto)
A20: Archetype | B20: Rank | C20: HP | D20: DMG | E20: DEF | F20: AS | G20: P.hits→kill | H20: P.TTK(s) | I20: Enemy hits→kill Player
A21: =A13 | B21: =A7 | C21: =($B13+$C13*($B$3-1))*$B7 | D21: =($D13+$E13*($B$3-1))*$C7 | E21: =(1+0.3*($B$3-1))*(1+$G13)*$D7 | F21: =$F13 | G21: =C21/($K$3*100/(100+E21)) | H21: =C21/($K$3*100/(100+E21))/$K$4 | I21: =$K$5/(D21*100/(100+$K$6))
A22: =A13 | B22: =A8 | C22: =($B13+$C13*($B$3-1))*$B8 | D22: =($D13+$E13*($B$3-1))*$C8 | E22: =(1+0.3*($B$3-1))*(1+$G13)*$D8 | F22: =$F13 | G22: =C22/($K$3*100/(100+E22)) | H22: =C22/($K$3*100/(100+E22))/$K$4 | I22: =$K$5/(D22*100/(100+$K$6))
A23: =A13 | B23: =A9 | C23: =($B13+$C13*($B$3-1))*$B9 | D23: =($D13+$E13*($B$3-1))*$C9 | E23: =(1+0.3*($B$3-1))*(1+$G13)*$D9 | F23: =$F13 | G23: =C23/($K$3*100/(100+E23)) | H23: =C23/($K$3*100/(100+E23))/$K$4 | I23: =$K$5/(D23*100/(100+$K$6))
A24: =A14 | B24: =A7 | C24: =($B14+$C14*($B$3-1))*$B7 | D24: =($D14+$E14*($B$3-1))*$C7 | E24: =(1+0.3*($B$3-1))*(1+$G14)*$D7 | F24: =$F14 | G24: =C24/($K$3*100/(100+E24)) | H24: =C24/($K$3*100/(100+E24))/$K$4 | I24: =$K$5/(D24*100/(100+$K$6))
A25: =A14 | B25: =A8 | C25: =($B14+$C14*($B$3-1))*$B8 | D25: =($D14+$E14*($B$3-1))*$C8 | E25: =(1+0.3*($B$3-1))*(1+$G14)*$D8 | F25: =$F14 | G25: =C25/($K$3*100/(100+E25)) | H25: =C25/($K$3*100/(100+E25))/$K$4 | I25: =$K$5/(D25*100/(100+$K$6))
A26: =A14 | B26: =A9 | C26: =($B14+$C14*($B$3-1))*$B9 | D26: =($D14+$E14*($B$3-1))*$C9 | E26: =(1+0.3*($B$3-1))*(1+$G14)*$D9 | F26: =$F14 | G26: =C26/($K$3*100/(100+E26)) | H26: =C26/($K$3*100/(100+E26))/$K$4 | I26: =$K$5/(D26*100/(100+$K$6))
A27: =A15 | B27: =A7 | C27: =($B15+$C15*($B$3-1))*$B7 | D27: =($D15+$E15*($B$3-1))*$C7 | E27: =(1+0.3*($B$3-1))*(1+$G15)*$D7 | F27: =$F15 | G27: =C27/($K$3*100/(100+E27)) | H27: =C27/($K$3*100/(100+E27))/$K$4 | I27: =$K$5/(D27*100/(100+$K$6))
A28: =A15 | B28: =A8 | C28: =($B15+$C15*($B$3-1))*$B8 | D28: =($D15+$E15*($B$3-1))*$C8 | E28: =(1+0.3*($B$3-1))*(1+$G15)*$D8 | F28: =$F15 | G28: =C28/($K$3*100/(100+E28)) | H28: =C28/($K$3*100/(100+E28))/$K$4 | I28: =$K$5/(D28*100/(100+$K$6))
A29: =A15 | B29: =A9 | C29: =($B15+$C15*($B$3-1))*$B9 | D29: =($D15+$E15*($B$3-1))*$C9 | E29: =(1+0.3*($B$3-1))*(1+$G15)*$D9 | F29: =$F15 | G29: =C29/($K$3*100/(100+E29)) | H29: =C29/($K$3*100/(100+E29))/$K$4 | I29: =$K$5/(D29*100/(100+$K$6))
A30: =A16 | B30: =A7 | C30: =($B16+$C16*($B$3-1))*$B7 | D30: =($D16+$E16*($B$3-1))*$C7 | E30: =(1+0.3*($B$3-1))*(1+$G16)*$D7 | F30: =$F16 | G30: =C30/($K$3*100/(100+E30)) | H30: =C30/($K$3*100/(100+E30))/$K$4 | I30: =$K$5/(D30*100/(100+$K$6))
A31: =A16 | B31: =A8 | C31: =($B16+$C16*($B$3-1))*$B8 | D31: =($D16+$E16*($B$3-1))*$C8 | E31: =(1+0.3*($B$3-1))*(1+$G16)*$D8 | F31: =$F16 | G31: =C31/($K$3*100/(100+E31)) | H31: =C31/($K$3*100/(100+E31))/$K$4 | I31: =$K$5/(D31*100/(100+$K$6))
A32: =A16 | B32: =A9 | C32: =($B16+$C16*($B$3-1))*$B9 | D32: =($D16+$E16*($B$3-1))*$C9 | E32: =(1+0.3*($B$3-1))*(1+$G16)*$D9 | F32: =$F16 | G32: =C32/($K$3*100/(100+E32)) | H32: =C32/($K$3*100/(100+E32))/$K$4 | I32: =$K$5/(D32*100/(100+$K$6))
A33: =A17 | B33: =A7 | C33: =($B17+$C17*($B$3-1))*$B7 | D33: =($D17+$E17*($B$3-1))*$C7 | E33: =(1+0.3*($B$3-1))*(1+$G17)*$D7 | F33: =$F17 | G33: =C33/($K$3*100/(100+E33)) | H33: =C33/($K$3*100/(100+E33))/$K$4 | I33: =$K$5/(D33*100/(100+$K$6))
A34: =A17 | B34: =A8 | C34: =($B17+$C17*($B$3-1))*$B8 | D34: =($D17+$E17*($B$3-1))*$C8 | E34: =(1+0.3*($B$3-1))*(1+$G17)*$D8 | F34: =$F17 | G34: =C34/($K$3*100/(100+E34)) | H34: =C34/($K$3*100/(100+E34))/$K$4 | I34: =$K$5/(D34*100/(100+$K$6))
A35: =A17 | B35: =A9 | C35: =($B17+$C17*($B$3-1))*$B9 | D35: =($D17+$E17*($B$3-1))*$C9 | E35: =(1+0.3*($B$3-1))*(1+$G17)*$D9 | F35: =$F17 | G35: =C35/($K$3*100/(100+E35)) | H35: =C35/($K$3*100/(100+E35))/$K$4 | I35: =$K$5/(D35*100/(100+$K$6))

Sheet Boss
A1: BOSS
A3: Floor Level | B3: 10 | D3: Player AtkDmg | E3: =INDEX(Player!$F$14:$F$33,$B$3)
D4: Player AS | E4: =INDEX(Player!$G$14:$G$33,$B$3)
A5: COEFFICIENTS | D5: Player HP | E5: =INDEX(Player!$E$14:$E$33,$B$3)
A6: MaxHP base | B6: 700 | D6: Player DEF | E6: =INDEX(Player!$I$14:$I$33,$B$3)
A7: MaxHP /lvl | B7: 70
A8: AtkDmg base | B8: 26
A9: AtkDmg /lvl | B9: 2.6
A10: AtkSpeed | B10: 0.8
A11: Defense base | B11: 8
A12: Defense /lvl | B12: 1
A15: RESULT (auto)
A16: Boss HP | B16: =$B$6+$B$7*($B$3-1)
A17: Boss DMG | B17: =$B$8+$B$9*($B$3-1)
A18: Boss DEF | B18: =$B$11+$B$12*($B$3-1)
A19: Player hits→kill | B19: =B16/($E$3*100/(100+B18))
A20: Player TTK (s) | B20: =B16/($E$3*100/(100+B18))/$E$4
A21: Boss hits→kill Player | B21: =$E$5/(B17*100/(100+$E$6))

Sheet Progression
A1: PROGRESSION — XP curve tới Lv 20
A3: xpToNext(L) = A + B * L^exp
A4: A | B4: 40
A5: B | B5: 12
A6: exp | B6: 1.6
A8: Lv→Lv+1 | B8: XP cần | C8: Cộng dồn
A9: 1→2 | B9: =ROUND($B$4+$B$5*1^$B$6,0) | C9: =B9
A10: 2→3 | B10: =ROUND($B$4+$B$5*2^$B$6,0) | C10: =C9+B10
A11: 3→4 | B11: =ROUND($B$4+$B$5*3^$B$6,0) | C11: =C10+B11
A12: 4→5 | B12: =ROUND($B$4+$B$5*4^$B$6,0) | C12: =C11+B12
A13: 5→6 | B13: =ROUND($B$4+$B$5*5^$B$6,0) | C13: =C12+B13
A14: 6→7 | B14: =ROUND($B$4+$B$5*6^$B$6,0) | C14: =C13+B14
A15: 7→8 | B15: =ROUND($B$4+$B$5*7^$B$6,0) | C15: =C14+B15
A16: 8→9 | B16: =ROUND($B$4+$B$5*8^$B$6,0) | C16: =C15+B16
A17: 9→10 | B17: =ROUND($B$4+$B$5*9^$B$6,0) | C17: =C16+B17
A18: 10→11 | B18: =ROUND($B$4+$B$5*10^$B$6,0) | C18: =C17+B18
A19: 11→12 | B19: =ROUND($B$4+$B$5*11^$B$6,0) | C19: =C18+B19
A20: 12→13 | B20: =ROUND($B$4+$B$5*12^$B$6,0) | C20: =C19+B20
A21: 13→14 | B21: =ROUND($B$4+$B$5*13^$B$6,0) | C21: =C20+B21
A22: 14→15 | B22: =ROUND($B$4+$B$5*14^$B$6,0) | C22: =C21+B22
A23: 15→16 | B23: =ROUND($B$4+$B$5*15^$B$6,0) | C23: =C22+B23
A24: 16→17 | B24: =ROUND($B$4+$B$5*16^$B$6,0) | C24: =C23+B24
A25: 17→18 | B25: =ROUND($B$4+$B$5*17^$B$6,0) | C25: =C24+B25
A26: 18→19 | B26: =ROUND($B$4+$B$5*18^$B$6,0) | C26: =C25+B26
A27: 19→20 | B27: =ROUND($B$4+$B$5*19^$B$6,0) | C27: =C26+B27
A29: REWARD (× floor level)
A30: Loại | B30: base XP | C30: × hạng
A31: creep | B31: 4 | C31: 1
A32: elite | B32: 4 | C32: 3.5
A33: champion | B33: 4 | C33: 9
A34: boss (flat/floor) | B34: 400 | C34: -
A35: room-clear (/floor) | B35: 25 | C35: -
